Title,Price,Ratings,No._of_reviews
,,,
,,,
,,,
"Logitech Wireless Combo MK270, Pack of 4",$116.99,4.5 out of 5 stars,"81,058"
"Logitech K120 Wired Keyboard for Windows, Plug and Play, Full-Size, Spill-Resistant, Curved Space Bar, Compatible with PC, Laptop - Black",,4.6 out of 5 stars,"24,911"
"Logitech K380 Wireless Multi-Device Keyboard for Windows, Apple iOS, Apple TV android or Chrome, Bluetooth, Compact Space-Saving Design, PC/Mac/Laptop/Smartphone/Tablet - Rose",,4.6 out of 5 stars,"19,699"
"Logitech MX Keys Mini Minimalist Wireless Illuminated Keyboard, Compact, Bluetooth, Backlit, USB-C, Compatible with Apple macOS, iOS, Windows, Linux, Android, Metal Build - Rose",$99.50,4.7 out of 5 stars,"16,366"
"Logitech G815 LIGHTSYNC RGB Mechanical Gaming Keyboard with Low Profile GL Tactile key switch, 5 programmable G-keys, USB Passthrough, dedicated media control - Tactile",$193.99,4.6 out of 5 stars,"9,029"
"Logitech K380 Multi-Device Bluetooth Keyboard for Mac with Compact Slim Profile, Easy-Switch, 2 Year Battery, MacBook Pro/ Air/iMac/iPad Compatible - Blueberry",,4.7 out of 5 stars,"6,237"
"Logitech ERGO K860 Wireless Ergonomic Keyboard - Split Keyboard, Wrist Rest, Natural Typing, Stain-Resistant Fabric, Bluetooth and USB Connectivity, Compatible with Windows/Mac",,4.6 out of 5 stars,"6,179"
"Logitech G613 LIGHTSPEED Wireless Mechanical Gaming Keyboard, Multihost 2.4 GHz + Blutooth Connectivity - Black",,4.4 out of 5 stars,"5,584"
,,,
,,,
,,,
,,,
,,,
,,,
,,,
,,,
,,,
,,,
,,,
,,,
,,,
,,,
,,,
"TuparGo Computer Keyboard RGB Backlit USB Wired Gaming Keyboards 104 Keys, 25 Anti-Ghosting Spill-Resistant Mac Keyboard for Desktop and PC, Black",$14.99,4.3 out of 5 stars,76
,,,
,,,
,,,
